Name,Sex,NOC,Sport,Event,Medal,Year
Remco EVENEPOEL,,,Cycling Road,Men's Individual Time Trial,Gold Medal,2024
Filippo GANNA,,,Cycling Road,Men's Individual Time Trial,Silver Medal,2024
Wout van AERT,,,Cycling Road,Men's Individual Time Trial,Bronze Medal,2024
Grace BROWN,,,Cycling Road,Women's Individual Time Trial,Gold Medal,2024
Anna HENDERSON,,,Cycling Road,Women's Individual Time Trial,Silver Medal,2024
Chloe DYGERT,,,Cycling Road,Women's Individual Time Trial,Bronze Medal,2024
China,,,Diving,Women's Synchronised 3m Springboard,Gold Medal,2024
United States,,,Diving,Women's Synchronised 3m Springboard,Silver Medal,2024
Great Britain,,,Diving,Women's Synchronised 3m Springboard,Bronze Medal,2024
OH Sanguk,Male,Korea,Fencing,Men's Sabre Individual,Gold Medal,2024
Fares FERJANI,,,Fencing,Men's Sabre Individual,Silver Medal,2024
Luigi SAMELE,,,Fencing,Men's Sabre Individual,Bronze Medal,2024
KONG Man Wai Vivian,Female,"Hong Kong, China",Fencing,Women's Épée Individual,Gold Medal,2024
Auriane MALLO-BRETON,,,Fencing,Women's Épée Individual,Silver Medal,2024
Eszter MUHARI,,,Fencing,Women's Épée Individual,Bronze Medal,2024
Yeldos SMETOV,,,Judo,Men -60 kg,Gold Medal,2024
Luka MKHEIDZE,,,Judo,Men -60 kg,Silver Medal,2024
NAGAYAMA Ryuju,Male,Japan,Judo,Men -60 kg,Bronze Medal,2024
Francisco GARRIGOS,,,Judo,Men -60 kg,Bronze Medal,2024
TSUNODA Natsumi,Female,Japan,Judo,Women -48 kg,Gold Medal,2024
Baasankhuu BAVUUDORJ,,,Judo,Women -48 kg,Silver Medal,2024
Shirine BOUKLI,,,Judo,Women -48 kg,Bronze Medal,2024
Tara BABULFATH,,,Judo,Women -48 kg,Bronze Medal,2024
France,,,Rugby Sevens,Men,Gold Medal,2024
Fiji,,,Rugby Sevens,Men,Silver Medal,2024
South Africa,,,Rugby Sevens,Men,Bronze Medal,2024
China 1,,,Shooting,10m Air Rifle Mixed Team,Gold Medal,2024
Korea 1,,,Shooting,10m Air Rifle Mixed Team,Silver Medal,2024
Kazakhstan 1,,,Shooting,10m Air Rifle Mixed Team,Bronze Medal,2024
United States,,,Swimming,Men's 4 x 100m Freestyle Relay,Gold Medal,2024
Australia,,,Swimming,Men's 4 x 100m Freestyle Relay,Silver Medal,2024
Italy,,,Swimming,Men's 4 x 100m Freestyle Relay,Bronze Medal,2024
Lukas MAERTENS,,,Swimming,Men's 400m Freestyle,Gold Medal,2024
Elijah WINNINGTON,,,Swimming,Men's 400m Freestyle,Silver Medal,2024
KIM Woomin,Male,Korea,Swimming,Men's 400m Freestyle,Bronze Medal,2024
Australia,,,Swimming,Women's 4 x 100m Freestyle Relay,Gold Medal,2024
United States,,,Swimming,Women's 4 x 100m Freestyle Relay,Silver Medal,2024
China,,,Swimming,Women's 4 x 100m Freestyle Relay,Bronze Medal,2024
Ariarne TITMUS,,,Swimming,Women's 400m Freestyle,Gold Medal,2024
Summer McINTOSH,,,Swimming,Women's 400m Freestyle,Silver Medal,2024
Katie LEDECKY,,,Swimming,Women's 400m Freestyle,Bronze Medal,2024
Korea,,,Archery,Women's Team,Gold Medal,2024
China,,,Archery,Women's Team,Silver Medal,2024
Mexico,,,Archery,Women's Team,Bronze Medal,2024
Jessica FOX,,,Canoe Slalom,Women's Kayak Single,Gold Medal,2024
Klaudia ZWOLINSKA,,,Canoe Slalom,Women's Kayak Single,Silver Medal,2024
Kimberley WOODS,,,Canoe Slalom,Women's Kayak Single,Bronze Medal,2024
Pauline FERRAND PREVOT,,,Cycling Mountain Bike,Women's Cross-country,Gold Medal,2024
Haley BATTEN,,,Cycling Mountain Bike,Women's Cross-country,Silver Medal,2024
Jenny RISSVEDS,,,Cycling Mountain Bike,Women's Cross-country,Bronze Medal,2024
KANO Koki,Male,Japan,Fencing,Men's Épée Individual,Gold Medal,2024
Yannick BOREL,,,Fencing,Men's Épée Individual,Silver Medal,2024
Mohamed ELSAYED,,,Fencing,Men's Épée Individual,Bronze Medal,2024
Lee KIEFER,,,Fencing,Women's Foil Individual,Gold Medal,2024
Lauren SCRUGGS,,,Fencing,Women's Foil Individual,Silver Medal,2024
Eleanor HARVEY,,,Fencing,Women's Foil Individual,Bronze Medal,2024
ABE Hifumi,Male,Japan,Judo,Men -66 kg,Gold Medal,2024
Willian LIMA,,,Judo,Men -66 kg,Silver Medal,2024
Gusman KYRGYZBAYEV,,,Judo,Men -66 kg,Bronze Medal,2024
Denis VIERU,,,Judo,Men -66 kg,Bronze Medal,2024
Diyora KELDIYOROVA,,,Judo,Women -52 kg,Gold Medal,2024
Distria KRASNIQI,,,Judo,Women -52 kg,Silver Medal,2024
Larissa PIMENTA,,,Judo,Women -52 kg,Bronze Medal,2024
Amandine BUCHARD,,,Judo,Women -52 kg,Bronze Medal,2024
XIE Yu,Male,China,Shooting,10m Air Pistol Men,Gold Medal,2024
Federico Nilo MALDINI,,,Shooting,10m Air Pistol Men,Silver Medal,2024
Paolo MONNA,,,Shooting,10m Air Pistol Men,Bronze Medal,2024
OH Ye Jin,Female,Korea,Shooting,10m Air Pistol Women,Gold Medal,2024
KIM Yeji,Female,Korea,Shooting,10m Air Pistol Women,Silver Medal,2024
Manu BHAKER,,,Shooting,10m Air Pistol Women,Bronze Medal,2024
YOSHIZAWA Coco,Female,Japan,Skateboarding,Women's Street,Gold Medal,2024
AKAMA Liz,Female,Japan,Skateboarding,Women's Street,Silver Medal,2024
Rayssa LEAL,,,Skateboarding,Women's Street,Bronze Medal,2024
Nicolo MARTINENGHI,,,Swimming,Men's 100m Breaststroke,Gold Medal,2024
Adam PEATY,,,Swimming,Men's 100m Breaststroke,Silver Medal,2024
Nic FINK,,,Swimming,Men's 100m Breaststroke,Silver Medal,2024
Leon MARCHAND,,,Swimming,Men's 400m Individual Medley,Gold Medal,2024
MATSUSHITA Tomoyuki,Male,Japan,Swimming,Men's 400m Individual Medley,Silver Medal,2024
Carson FOSTER,,,Swimming,Men's 400m Individual Medley,Bronze Medal,2024
Torri HUSKE,,,Swimming,Women's 100m Butterfly,Gold Medal,2024
Gretchen WALSH,,,Swimming,Women's 100m Butterfly,Silver Medal,2024
ZHANG Yufei,Female,China,Swimming,Women's 100m Butterfly,Bronze Medal,2024
Korea,,,Archery,Men's Team,Gold Medal,2024
France,,,Archery,Men's Team,Silver Medal,2024
Türkiye,,,Archery,Men's Team,Bronze Medal,2024
Japan,,,Artistic Gymnastics,Men's Team,Gold Medal,2024
China,,,Artistic Gymnastics,Men's Team,Silver Medal,2024
United States,,,Artistic Gymnastics,Men's Team,Bronze Medal,2024
Nicolas GESTIN,,,Canoe Slalom,Men's Canoe Single,Gold Medal,2024
Adam BURGESS,,,Canoe Slalom,Men's Canoe Single,Silver Medal,2024
Matej BENUS,,,Canoe Slalom,Men's Canoe Single,Bronze Medal,2024
Thomas PIDCOCK,,,Cycling Mountain Bike,Men's Cross-country,Gold Medal,2024
Victor KORETZKY,,,Cycling Mountain Bike,Men's Cross-country,Silver Medal,2024
Alan HATHERLY,,,Cycling Mountain Bike,Men's Cross-country,Bronze Medal,2024
China,,,Diving,Men's Synchronised 10m Platform,Gold Medal,2024
Great Britain,,,Diving,Men's Synchronised 10m Platform,Silver Medal,2024
Canada,,,Diving,Men's Synchronised 10m Platform,Bronze Medal,2024
Michael JUNG,,,Equestrian,Eventing Individual,Gold Medal,2024
Christopher BURTON,,,Equestrian,Eventing Individual,Silver Medal,2024
Laura COLLETT,,,Equestrian,Eventing Individual,Bronze Medal,2024
Great Britain,,,Equestrian,Eventing Team,Gold Medal,2024
France,,,Equestrian,Eventing Team,Silver Medal,2024
Japan,,,Equestrian,Eventing Team,Bronze Medal,2024
CHEUNG Ka Long,Male,"Hong Kong, China",Fencing,Men's Foil Individual,Gold Medal,2024
Filippo MACCHI,,,Fencing,Men's Foil Individual,Silver Medal,2024
Nick ITKIN,,,Fencing,Men's Foil Individual,Bronze Medal,2024
Manon APITHY-BRUNET,,,Fencing,Women's Sabre Individual,Gold Medal,2024
Sara BALZER,,,Fencing,Women's Sabre Individual,Silver Medal,2024
Olga KHARLAN,,,Fencing,Women's Sabre Individual,Bronze Medal,2024
Hidayat HEYDAROV,,,Judo,Men -73 kg,Gold Medal,2024
Joan-Benjamin GABA,,,Judo,Men -73 kg,Silver Medal,2024
Adil OSMANOV,,,Judo,Men -73 kg,Bronze Medal,2024
HASHIMOTO Soichi,Male,Japan,Judo,Men -73 kg,Bronze Medal,2024
Christa DEGUCHI,,,Judo,Women -57 kg,Gold Medal,2024
HUH Mimi,Female,Korea,Judo,Women -57 kg,Silver Medal,2024
FUNAKUBO Haruka,Female,Japan,Judo,Women -57 kg,Bronze Medal,2024
Sarah Leonie CYSIQUE,,,Judo,Women -57 kg,Bronze Medal,2024
SHENG Lihao,Male,China,Shooting,10m Air Rifle Men,Gold Medal,2024
Victor LINDGREN,,,Shooting,10m Air Rifle Men,Silver Medal,2024
Miran MARICIC,,,Shooting,10m Air Rifle Men,Bronze Medal,2024
BAN Hyojin,Female,Korea,Shooting,10m Air Rifle Women,Gold Medal,2024
HUANG Yuting,Female,China,Shooting,10m Air Rifle Women,Silver Medal,2024
Audrey GOGNIAT,,,Shooting,10m Air Rifle Women,Bronze Medal,2024
HORIGOME Yuto,Male,Japan,Skateboarding,Men's Street,Gold Medal,2024
Jagger EATON,,,Skateboarding,Men's Street,Silver Medal,2024
Nyjah HUSTON,,,Skateboarding,Men's Street,Bronze Medal,2024
Thomas CECCON,,,Swimming,Men's 100m Backstroke,Gold Medal,2024
XU Jiayu,Male,China,Swimming,Men's 100m Backstroke,Silver Medal,2024
Ryan MURPHY,,,Swimming,Men's 100m Backstroke,Bronze Medal,2024
David POPOVICI,,,Swimming,Men's 200m Freestyle,Gold Medal,2024
Matthew RICHARDS,,,Swimming,Men's 200m Freestyle,Silver Medal,2024
Luke HOBSON,,,Swimming,Men's 200m Freestyle,Bronze Medal,2024
Tatjana SMITH,,,Swimming,Women's 100m Breaststroke,Gold Medal,2024
TANG Qianting,Female,China,Swimming,Women's 100m Breaststroke,Silver Medal,2024
Mona Mc SHARRY,,,Swimming,Women's 100m Breaststroke,Bronze Medal,2024
Mollie O'CALLAGHAN,,,Swimming,Women's 200m Freestyle,Gold Medal,2024
Ariarne TITMUS,,,Swimming,Women's 200m Freestyle,Silver Medal,2024
HAUGHEY Siobhan Bernadette,Female,"Hong Kong, China",Swimming,Women's 200m Freestyle,Bronze Medal,2024
Summer McINTOSH,,,Swimming,Women's 400m Individual Medley,Gold Medal,2024
Katie GRIMES,,,Swimming,Women's 400m Individual Medley,Silver Medal,2024
Emma WEYANT,,,Swimming,Women's 400m Individual Medley,Bronze Medal,2024
United States,,,Artistic Gymnastics,Women's Team,Gold Medal,2024
Italy,,,Artistic Gymnastics,Women's Team,Silver Medal,2024
Brazil,,,Artistic Gymnastics,Women's Team,Bronze Medal,2024
Italy,,,Fencing,Women's Épée Team,Gold Medal,2024
France,,,Fencing,Women's Épée Team,Silver Medal,2024
Poland,,,Fencing,Women's Épée Team,Bronze Medal,2024
NAGASE Takanori,Male,Japan,Judo,Men -81 kg,Gold Medal,2024
Tato GRIGALASHVILI,,,Judo,Men -81 kg,Silver Medal,2024
LEE Joonhwan,Male,Korea,Judo,Men -81 kg,Bronze Medal,2024
Somon MAKHMADBEKOV,,,Judo,Men -81 kg,Bronze Medal,2024
Andreja LESKI,,,Judo,Women -63 kg,Gold Medal,2024
Prisca AWITI ALCARAZ,,,Judo,Women -63 kg,Silver Medal,2024
Clarisse AGBEGNENOU,,,Judo,Women -63 kg,Bronze Medal,2024
Laura FAZLIU,,,Judo,Women -63 kg,Bronze Medal,2024
New Zealand,,,Rugby Sevens,Women,Gold Medal,2024
Canada,,,Rugby Sevens,Women,Silver Medal,2024
United States,,,Rugby Sevens,Women,Bronze Medal,2024
Serbia,,,Shooting,10m Air Pistol Mixed Team,Gold Medal,2024
Türkiye 2,,,Shooting,10m Air Pistol Mixed Team,Silver Medal,2024
India 1,,,Shooting,10m Air Pistol Mixed Team,Bronze Medal,2024
Nathan HALES,,,Shooting,Trap Men,Gold Medal,2024
QI Ying,Male,China,Shooting,Trap Men,Silver Medal,2024
Jean Pierre BROL CARDENAS,,,Shooting,Trap Men,Bronze Medal,2024
Great Britain,,,Swimming,Men's 4 x 200m Freestyle Relay,Gold Medal,2024
United States,,,Swimming,Men's 4 x 200m Freestyle Relay,Silver Medal,2024
Australia,,,Swimming,Men's 4 x 200m Freestyle Relay,Bronze Medal,2024
Daniel WIFFEN,,,Swimming,Men's 800m Freestyle,Gold Medal,2024
Bobby FINKE,,,Swimming,Men's 800m Freestyle,Silver Medal,2024
Gregorio PALTRINIERI,,,Swimming,Men's 800m Freestyle,Bronze Medal,2024
Kaylee McKEOWN,,,Swimming,Women's 100m Backstroke,Gold Medal,2024
Regan SMITH,,,Swimming,Women's 100m Backstroke,Silver Medal,2024
Katharine BERKOFF,,,Swimming,Women's 100m Backstroke,Bronze Medal,2024
WANG/SUN,,,Table Tennis,Mixed Doubles,Gold Medal,2024
RI/KIM,,,Table Tennis,Mixed Doubles,Silver Medal,2024
LIM/SHIN,,,Table Tennis,Mixed Doubles,Bronze Medal,2024
OKA Shinnosuke,Male,Japan,Artistic Gymnastics,Men's All-Around,Gold Medal,2024
ZHANG Boheng,Male,China,Artistic Gymnastics,Men's All-Around,Silver Medal,2024
XIAO Ruoteng,Male,China,Artistic Gymnastics,Men's All-Around,Bronze Medal,2024
Jessica FOX,,,Canoe Slalom,Women's Canoe Single,Gold Medal,2024
Elena LILIK,,,Canoe Slalom,Women's Canoe Single,Silver Medal,2024
Evy LEIBFARTH,,,Canoe Slalom,Women's Canoe Single,Bronze Medal,2024
Jose TORRES GIL,,,Cycling BMX Freestyle,Men's Park,Gold Medal,2024
Kieran Darren David REILLY,,,Cycling BMX Freestyle,Men's Park,Silver Medal,2024
Anthony JEANJEAN,,,Cycling BMX Freestyle,Men's Park,Bronze Medal,2024
DENG Yawen,Female,China,Cycling BMX Freestyle,Women's Park,Gold Medal,2024
Perris BENEGAS,,,Cycling BMX Freestyle,Women's Park,Silver Medal,2024
Natalya DIEHM,,,Cycling BMX Freestyle,Women's Park,Bronze Medal,2024
China,,,Diving,Women's Synchronised 10m Platform,Gold Medal,2024
DPR Korea,,,Diving,Women's Synchronised 10m Platform,Silver Medal,2024
Great Britain,,,Diving,Women's Synchronised 10m Platform,Bronze Medal,2024
Korea,,,Fencing,Men's Sabre Team,Gold Medal,2024
Hungary,,,Fencing,Men's Sabre Team,Silver Medal,2024
France,,,Fencing,Men's Sabre Team,Bronze Medal,2024
Lasha BEKAURI,,,Judo,Men -90 kg,Gold Medal,2024
MURAO Sanshiro,Male,Japan,Judo,Men -90 kg,Silver Medal,2024
Maxime-Gael NGAYAP HAMBOU,,,Judo,Men -90 kg,Bronze Medal,2024
Theodoros TSELIDIS,,,Judo,Men -90 kg,Bronze Medal,2024
Barbara MATIC,,,Judo,Women -70 kg,Gold Medal,2024
Miriam BUTKEREIT,,,Judo,Women -70 kg,Silver Medal,2024
Michaela POLLERES,,,Judo,Women -70 kg,Bronze Medal,2024
Gabriella WILLEMS,,,Judo,Women -70 kg,Bronze Medal,2024
Netherlands,,,Rowing,Men's Quadruple Sculls,Gold Medal,2024
Italy,,,Rowing,Men's Quadruple Sculls,Silver Medal,2024
Poland,,,Rowing,Men's Quadruple Sculls,Bronze Medal,2024
Great Britain,,,Rowing,Women's Quadruple Sculls,Gold Medal,2024
Netherlands,,,Rowing,Women's Quadruple Sculls,Silver Medal,2024
Germany,,,Rowing,Women's Quadruple Sculls,Bronze Medal,2024
Adriana RUANO OLIVA,,,Shooting,Trap Women,Gold Medal,2024
Silvana Maria STANCO,,,Shooting,Trap Women,Silver Medal,2024
Penny SMITH,,,Shooting,Trap Women,Bronze Medal,2024
PAN Zhanle,Male,China,Swimming,Men's 100m Freestyle,Gold Medal,2024
Kyle CHALMERS,,,Swimming,Men's 100m Freestyle,Silver Medal,2024
David POPOVICI,,,Swimming,Men's 100m Freestyle,Bronze Medal,2024
Leon MARCHAND,,,Swimming,Men's 200m Breaststroke,Gold Medal,2024
Zac STUBBLETY-COOK,,,Swimming,Men's 200m Breaststroke,Silver Medal,2024
Caspar CORBEAU,,,Swimming,Men's 200m Breaststroke,Bronze Medal,2024
Leon MARCHAND,,,Swimming,Men's 200m Butterfly,Gold Medal,2024
Kristof MILAK,,,Swimming,Men's 200m Butterfly,Silver Medal,2024
Ilya KHARUN,,,Swimming,Men's 200m Butterfly,Bronze Medal,2024
Sarah SJOESTROEM,,,Swimming,Women's 100m Freestyle,Gold Medal,2024
Torri HUSKE,,,Swimming,Women's 100m Freestyle,Silver Medal,2024
HAUGHEY Siobhan Bernadette,Female,"Hong Kong, China",Swimming,Women's 100m Freestyle,Bronze Medal,2024
Katie LEDECKY,,,Swimming,Women's 1500m Freestyle,Gold Medal,2024
Anastasiia KIRPICHNIKOVA,,,Swimming,Women's 1500m Freestyle,Silver Medal,2024
Isabel GOSE,,,Swimming,Women's 1500m Freestyle,Bronze Medal,2024
Alex YEE,,,Triathlon,Men's Individual,Gold Medal,2024
Hayden WILDE,,,Triathlon,Men's Individual,Silver Medal,2024
Leo BERGERE,,,Triathlon,Men's Individual,Bronze Medal,2024
Cassandre BEAUGRAND,,,Triathlon,Women's Individual,Gold Medal,2024
Julie DERRON,,,Triathlon,Women's Individual,Silver Medal,2024
Beth POTTER,,,Triathlon,Women's Individual,Bronze Medal,2024
Simone BILES,,,Artistic Gymnastics,Women's All-Around,Gold Medal,2024
Rebeca ANDRADE,,,Artistic Gymnastics,Women's All-Around,Silver Medal,2024
Sunisa LEE,,,Artistic Gymnastics,Women's All-Around,Bronze Medal,2024
Brian Daniel PINTADO,,,Athletics,Men's 20km Race Walk,Gold Medal,2024
Caio BONFIM,,,Athletics,Men's 20km Race Walk,Silver Medal,2024
Alvaro MARTIN,,,Athletics,Men's 20km Race Walk,Bronze Medal,2024
YANG Jiayu,Female,China,Athletics,Women's 20km Race Walk,Gold Medal,2024
Maria PEREZ,,,Athletics,Women's 20km Race Walk,Silver Medal,2024
Jemima MONTAG,,,Athletics,Women's 20km Race Walk,Bronze Medal,2024
Giovanni de GENNARO,,,Canoe Slalom,Men's Kayak Single,Gold Medal,2024
Titouan CASTRYCK,,,Canoe Slalom,Men's Kayak Single,Silver Medal,2024
Pau ECHANIZ,,,Canoe Slalom,Men's Kayak Single,Bronze Medal,2024
United States,,,Fencing,Women's Foil Team,Gold Medal,2024
Italy,,,Fencing,Women's Foil Team,Silver Medal,2024
Japan,,,Fencing,Women's Foil Team,Bronze Medal,2024
Zelym KOTSOIEV,,,Judo,Men -100 kg,Gold Medal,2024
Ilia SULAMANIDZE,,,Judo,Men -100 kg,Silver Medal,2024
Peter PALTCHIK,,,Judo,Men -100 kg,Bronze Medal,2024
Muzaffarbek TUROBOYEV,,,Judo,Men -100 kg,Bronze Medal,2024
Alice BELLANDI,,,Judo,Women -78 kg,Gold Medal,2024
Inbar LANIR,,,Judo,Women -78 kg,Silver Medal,2024
MA Zhenzhao,Female,China,Judo,Women -78 kg,Bronze Medal,2024
Patricia SAMPAIO,,,Judo,Women -78 kg,Bronze Medal,2024
Romania,,,Rowing,Men's Double Sculls,Gold Medal,2024
Netherlands,,,Rowing,Men's Double Sculls,Silver Medal,2024
Ireland,,,Rowing,Men's Double Sculls,Bronze Medal,2024
United States,,,Rowing,Men's Four,Gold Medal,2024
New Zealand,,,Rowing,Men's Four,Silver Medal,2024
Great Britain,,,Rowing,Men's Four,Bronze Medal,2024
New Zealand,,,Rowing,Women's Double Sculls,Gold Medal,2024
Romania,,,Rowing,Women's Double Sculls,Silver Medal,2024
Great Britain,,,Rowing,Women's Double Sculls,Bronze Medal,2024
Netherlands,,,Rowing,Women's Four,Gold Medal,2024
Great Britain,,,Rowing,Women's Four,Silver Medal,2024
New Zealand,,,Rowing,Women's Four,Bronze Medal,2024
LIU Yukun,Male,China,Shooting,50m Rifle 3 Positions Men,Gold Medal,2024
Serhiy KULISH,,,Shooting,50m Rifle 3 Positions Men,Silver Medal,2024
Swapnil KUSALE,,,Shooting,50m Rifle 3 Positions Men,Bronze Medal,2024
Hubert KOS,,,Swimming,Men's 200m Backstroke,Gold Medal,2024
Apostolos CHRISTOU,,,Swimming,Men's 200m Backstroke,Silver Medal,2024
Roman MITYUKOV,,,Swimming,Men's 200m Backstroke,Bronze Medal,2024
Kate DOUGLASS,,,Swimming,Women's 200m Breaststroke,Gold Medal,2024
Tatjana SMITH,,,Swimming,Women's 200m Breaststroke,Silver Medal,2024
Tes SCHOUTEN,,,Swimming,Women's 200m Breaststroke,Bronze Medal,2024
Summer McINTOSH,,,Swimming,Women's 200m Butterfly,Gold Medal,2024
Regan SMITH,,,Swimming,Women's 200m Butterfly,Silver Medal,2024
ZHANG Yufei,Female,China,Swimming,Women's 200m Butterfly,Bronze Medal,2024
Australia,,,Swimming,Women's 4 x 200m Freestyle Relay,Gold Medal,2024
United States,,,Swimming,Women's 4 x 200m Freestyle Relay,Silver Medal,2024
China,,,Swimming,Women's 4 x 200m Freestyle Relay,Bronze Medal,2024
Korea,,,Archery,Mixed Team,Gold Medal,2024
Germany,,,Archery,Mixed Team,Silver Medal,2024
United States,,,Archery,Mixed Team,Bronze Medal,2024
Joshua CHEPTEGEI,,,Athletics,"Men's 10,000m",Gold Medal,2024
Berihu AREGAWI,,,Athletics,"Men's 10,000m",Silver Medal,2024
Grant FISHER,,,Athletics,"Men's 10,000m",Bronze Medal,2024
ZHENG/HUANG,,,Badminton,Mixed Doubles,Gold Medal,2024
KIM/JEONG,,,Badminton,Mixed Doubles,Silver Medal,2024
WATANABE/HIGASHINO,,,Badminton,Mixed Doubles,Bronze Medal,2024
Joris DAUDET,,,Cycling BMX Racing,Men,Gold Medal,2024
Sylvain ANDRE,,,Cycling BMX Racing,Men,Silver Medal,2024
Romain MAHIEU,,,Cycling BMX Racing,Men,Bronze Medal,2024
Saya SAKAKIBARA,,,Cycling BMX Racing,Women,Gold Medal,2024
Manon VEENSTRA,,,Cycling BMX Racing,Women,Silver Medal,2024
Zoe CLAESSENS,,,Cycling BMX Racing,Women,Bronze Medal,2024
China,,,Diving,Men's Synchronised 3m Springboard,Gold Medal,2024
Mexico,,,Diving,Men's Synchronised 3m Springboard,Silver Medal,2024
Great Britain,,,Diving,Men's Synchronised 3m Springboard,Bronze Medal,2024
Great Britain,,,Equestrian,Jumping Team,Gold Medal,2024
United States,,,Equestrian,Jumping Team,Silver Medal,2024
France,,,Equestrian,Jumping Team,Bronze Medal,2024
Hungary,,,Fencing,Men's Épée Team,Gold Medal,2024
Japan,,,Fencing,Men's Épée Team,Silver Medal,2024
Czechia,,,Fencing,Men's Épée Team,Bronze Medal,2024
Teddy RINER,,,Judo,Men +100 kg,Gold Medal,2024
KIM Minjong,Male,Korea,Judo,Men +100 kg,Silver Medal,2024
Temur RAKHIMOV,,,Judo,Men +100 kg,Bronze Medal,2024
Alisher YUSUPOV,,,Judo,Men +100 kg,Bronze Medal,2024
Beatriz SOUZA,,,Judo,Women +78 kg,Gold Medal,2024
Raz HERSHKO,,,Judo,Women +78 kg,Silver Medal,2024
KIM Hayun,Female,Korea,Judo,Women +78 kg,Bronze Medal,2024
Romane DICKO,,,Judo,Women +78 kg,Bronze Medal,2024
Ireland,,,Rowing,Lightweight Men's Double Sculls,Gold Medal,2024
Italy,,,Rowing,Lightweight Men's Double Sculls,Silver Medal,2024
Greece,,,Rowing,Lightweight Men's Double Sculls,Bronze Medal,2024
Great Britain,,,Rowing,Lightweight Women's Double Sculls,Gold Medal,2024
Romania,,,Rowing,Lightweight Women's Double Sculls,Silver Medal,2024
Greece,,,Rowing,Lightweight Women's Double Sculls,Bronze Medal,2024
Croatia,,,Rowing,Men's Pair,Gold Medal,2024
Great Britain,,,Rowing,Men's Pair,Silver Medal,2024
Switzerland,,,Rowing,Men's Pair,Bronze Medal,2024
Netherlands,,,Rowing,Women's Pair,Gold Medal,2024
Romania,,,Rowing,Women's Pair,Silver Medal,2024
Australia,,,Rowing,Women's Pair,Bronze Medal,2024
BOTIN/TRITTEL,,,Sailing,Men's Skiff,Gold Medal,2024
McHARDIE/McKENZIE,,,Sailing,Men's Skiff,Silver Medal,2024
BARROWS/HENKEN,,,Sailing,Men's Skiff,Bronze Medal,2024
AANHOLT/DUETZ,,,Sailing,Women's Skiff,Gold Medal,2024
BOBECK/NETZLER,,,Sailing,Women's Skiff,Silver Medal,2024
STEYAERT/PICON,,,Sailing,Women's Skiff,Bronze Medal,2024
Chiara LEONE,,,Shooting,50m Rifle 3 Positions Women,Gold Medal,2024
Sagen MADDALENA,,,Shooting,50m Rifle 3 Positions Women,Silver Medal,2024
ZHANG Qiongyue,Female,China,Shooting,50m Rifle 3 Positions Women,Bronze Medal,2024
Leon MARCHAND,,,Swimming,Men's 200m Individual Medley,Gold Medal,2024
Duncan SCOTT,,,Swimming,Men's 200m Individual Medley,Silver Medal,2024
WANG Shun,Male,China,Swimming,Men's 200m Individual Medley,Bronze Medal,2024
Cameron McEVOY,,,Swimming,Men's 50m Freestyle,Gold Medal,2024
Benjamin PROUD,,,Swimming,Men's 50m Freestyle,Silver Medal,2024
Florent MANAUDOU,,,Swimming,Men's 50m Freestyle,Bronze Medal,2024
Kaylee McKEOWN,,,Swimming,Women's 200m Backstroke,Gold Medal,2024
Regan SMITH,,,Swimming,Women's 200m Backstroke,Silver Medal,2024
Kylie MASSE,,,Swimming,Women's 200m Backstroke,Bronze Medal,2024
SINIAKOVA/MACHAC,,,Tennis,Mixed Doubles,Gold Medal,2024
WANG/ZHANG,,,Tennis,Mixed Doubles,Silver Medal,2024
DABROWSKI/AUGER-ALIAS,,,Tennis,Mixed Doubles,Bronze Medal,2024
Iga SWIATEK,,,Tennis,Women's Singles,Bronze Medal,2024
Ivan LITVINOVICH,,,Trampoline Gymnastics,Men,Gold Medal,2024
WANG Zisai,Male,China,Trampoline Gymnastics,Men,Silver Medal,2024
YAN Langyu,Male,China,Trampoline Gymnastics,Men,Bronze Medal,2024
Bryony PAGE,,,Trampoline Gymnastics,Women,Gold Medal,2024
Viyaleta BARDZILOUSKAYA,,,Trampoline Gymnastics,Women,Silver Medal,2024
Sophiane METHOT,,,Trampoline Gymnastics,Women,Bronze Medal,2024
LIM Sihyeon,Female,Korea,Archery,Women's Individual,Gold Medal,2024
NAM Suhyeon,Female,Korea,Archery,Women's Individual,Silver Medal,2024
Lisa BARBELIN,,,Archery,Women's Individual,Bronze Medal,2024
Carlos Edriel YULO,,,Artistic Gymnastics,Men's Floor Exercise,Gold Medal,2024
Artem DOLGOPYAT,,,Artistic Gymnastics,Men's Floor Exercise,Silver Medal,2024
Jake JARMAN,,,Artistic Gymnastics,Men's Floor Exercise,Bronze Medal,2024
Rhys MC CLENAGHAN,,,Artistic Gymnastics,Men's Pommel Horse,Gold Medal,2024
Nariman KURBANOV,,,Artistic Gymnastics,Men's Pommel Horse,Silver Medal,2024
Stephen NEDOROSCIK,,,Artistic Gymnastics,Men's Pommel Horse,Bronze Medal,2024
Simone BILES,,,Artistic Gymnastics,Women's Vault,Gold Medal,2024
Rebeca ANDRADE,,,Artistic Gymnastics,Women's Vault,Silver Medal,2024
Jade CAREY,,,Artistic Gymnastics,Women's Vault,Bronze Medal,2024
Netherlands,,,Athletics,4 x 400m Relay Mixed,Gold Medal,2024
United States,,,Athletics,4 x 400m Relay Mixed,Silver Medal,2024
Great Britain,,,Athletics,4 x 400m Relay Mixed,Bronze Medal,2024
Markus ROOTH,,,Athletics,Men's Decathlon,Gold Medal,2024
Leo NEUGEBAUER,,,Athletics,Men's Decathlon,Silver Medal,2024
Lindon VICTOR,,,Athletics,Men's Decathlon,Bronze Medal,2024
Ryan CROUSER,,,Athletics,Men's Shot Put,Gold Medal,2024
Joe KOVACS,,,Athletics,Men's Shot Put,Silver Medal,2024
Rajindra CAMPBELL,,,Athletics,Men's Shot Put,Bronze Medal,2024
Julien ALFRED,,,Athletics,Women's 100m,Gold Medal,2024
Sha'carri RICHARDSON,,,Athletics,Women's 100m,Silver Medal,2024
Melissa JEFFERSON,,,Athletics,Women's 100m,Bronze Medal,2024
Thea LAFOND,,,Athletics,Women's Triple Jump,Gold Medal,2024
Shanieka RICKETTS,,,Athletics,Women's Triple Jump,Silver Medal,2024
Jasmine MOORE,,,Athletics,Women's Triple Jump,Bronze Medal,2024
CHEN/JIA,,,Badminton,Women's Doubles,Gold Medal,2024
LIU/TAN,,,Badminton,Women's Doubles,Silver Medal,2024
MATSUYAMA/SHIDA,,,Badminton,Women's Doubles,Bronze Medal,2024
WU Shih Yi,Female,Chinese Taipei,Boxing,Women's 60kg,Bronze Medal,2024
Beatriz Iasmin SOARES FERREIRA,,,Boxing,Women's 60kg,Bronze Medal,2024
Remco EVENEPOEL,,,Cycling Road,Men's Road Race,Gold Medal,2024
Valentin MADOUAS,,,Cycling Road,Men's Road Race,Silver Medal,2024
Christophe LAPORTE,,,Cycling Road,Men's Road Race,Bronze Medal,2024
Germany,,,Equestrian,Dressage Team,Gold Medal,2024
Denmark,,,Equestrian,Dressage Team,Silver Medal,2024
Great Britain,,,Equestrian,Dressage Team,Bronze Medal,2024
Ukraine,,,Fencing,Women's Sabre Team,Gold Medal,2024
Korea,,,Fencing,Women's Sabre Team,Silver Medal,2024
Japan,,,Fencing,Women's Sabre Team,Bronze Medal,2024
France,,,Judo,Mixed Team,Gold Medal,2024
Japan,,,Judo,Mixed Team,Silver Medal,2024
Brazil,,,Judo,Mixed Team,Bronze Medal,2024
Korea,,,Judo,Mixed Team,Bronze Medal,2024
Great Britain,,,Rowing,Men's Eight,Gold Medal,2024
Netherlands,,,Rowing,Men's Eight,Silver Medal,2024
United States,,,Rowing,Men's Eight,Bronze Medal,2024
Oliver ZEIDLER,,,Rowing,Men's Single Sculls,Gold Medal,2024
Yauheni ZALATY,,,Rowing,Men's Single Sculls,Silver Medal,2024
Simon van DORP,,,Rowing,Men's Single Sculls,Bronze Medal,2024
Romania,,,Rowing,Women's Eight,Gold Medal,2024
Canada,,,Rowing,Women's Eight,Silver Medal,2024
Great Britain,,,Rowing,Women's Eight,Bronze Medal,2024
Karolien FLORIJN,,,Rowing,Women's Single Sculls,Gold Medal,2024
Emma TWIGG,,,Rowing,Women's Single Sculls,Silver Medal,2024
Viktorija SENKUTE,,,Rowing,Women's Single Sculls,Bronze Medal,2024
Tom REUVENY,,,Sailing,Men's Windsurfing,Gold Medal,2024
Grae MORRIS,,,Sailing,Men's Windsurfing,Silver Medal,2024
Luuc van OPZEELAND,,,Sailing,Men's Windsurfing,Bronze Medal,2024
Marta MAGGETTI,,,Sailing,Women's Windsurfing,Gold Medal,2024
Sharon KANTOR,,,Sailing,Women's Windsurfing,Silver Medal,2024
Emma WILSON,,,Sailing,Women's Windsurfing,Bronze Medal,2024
YANG Jiin,Female,Korea,Shooting,25m Pistol Women,Gold Medal,2024
Camille JEDRZEJEWSKI,,,Shooting,25m Pistol Women,Silver Medal,2024
Veronika MAJOR,,,Shooting,25m Pistol Women,Bronze Medal,2024
Vincent HANCOCK,,,Shooting,Skeet Men,Gold Medal,2024
Conner Lynn PRINCE,,,Shooting,Skeet Men,Silver Medal,2024
LEE Meng Yuan,Male,Chinese Taipei,Shooting,Skeet Men,Bronze Medal,2024
Kristof MILAK,,,Swimming,Men's 100m Butterfly,Gold Medal,2024
Josh LIENDO,,,Swimming,Men's 100m Butterfly,Silver Medal,2024
Ilya KHARUN,,,Swimming,Men's 100m Butterfly,Bronze Medal,2024
United States,,,Swimming,Mixed 4 x 100m Medley Relay,Gold Medal,2024
China,,,Swimming,Mixed 4 x 100m Medley Relay,Silver Medal,2024
Australia,,,Swimming,Mixed 4 x 100m Medley Relay,Bronze Medal,2024
Summer McINTOSH,,,Swimming,Women's 200m Individual Medley,Gold Medal,2024
Kate DOUGLASS,,,Swimming,Women's 200m Individual Medley,Silver Medal,2024
Kaylee McKEOWN,,,Swimming,Women's 200m Individual Medley,Bronze Medal,2024
Katie LEDECKY,,,Swimming,Women's 800m Freestyle,Gold Medal,2024
Ariarne TITMUS,,,Swimming,Women's 800m Freestyle,Silver Medal,2024
Paige MADDEN,,,Swimming,Women's 800m Freestyle,Bronze Medal,2024
CHEN Meng,Female,China,Table Tennis,Women's Singles,Gold Medal,2024
SUN Yingsha,Female,China,Table Tennis,Women's Singles,Silver Medal,2024
Hina HAYATA,,,Table Tennis,Women's Singles,Bronze Medal,2024
EBDEN/PEERS,,,Tennis,Men's Doubles,Gold Medal,2024
KRAJICEK/RAM,,,Tennis,Men's Doubles,Silver Medal,2024
FRITZ/PAUL,,,Tennis,Men's Doubles,Bronze Medal,2024
Lorenzo MUSETTI,,,Tennis,Men's Singles,Bronze Medal,2024
ZHENG Qinwen,Female,China,Tennis,Women's Singles,Gold Medal,2024
Donna VEKIC,,,Tennis,Women's Singles,Silver Medal,2024
KIM Woojin,Male,Korea,Archery,Men's Individual,Gold Medal,2024
Brady ELLISON,,,Archery,Men's Individual,Silver Medal,2024
LEE Wooseok,Male,Korea,Archery,Men's Individual,Bronze Medal,2024
LIU Yang,Male,China,Artistic Gymnastics,Men's Rings,Gold Medal,2024
ZOU Jingyuan,Male,China,Artistic Gymnastics,Men's Rings,Silver Medal,2024
Eleftherios PETROUNIAS,,,Artistic Gymnastics,Men's Rings,Bronze Medal,2024
Carlos Edriel YULO,,,Artistic Gymnastics,Men's Vault,Gold Medal,2024
Artur DAVTYAN,,,Artistic Gymnastics,Men's Vault,Silver Medal,2024
Harry HEPWORTH,,,Artistic Gymnastics,Men's Vault,Bronze Medal,2024
Kaylia NEMOUR,,,Artistic Gymnastics,Women's Uneven Bars,Gold Medal,2024
QIU Qiyuan,Female,China,Artistic Gymnastics,Women's Uneven Bars,Silver Medal,2024
Sunisa LEE,,,Artistic Gymnastics,Women's Uneven Bars,Bronze Medal,2024
Noah LYLES,,,Athletics,Men's 100m,Gold Medal,2024
Kishane THOMPSON,,,Athletics,Men's 100m,Silver Medal,2024
Fred KERLEY,,,Athletics,Men's 100m,Bronze Medal,2024
Ethan KATZBERG,,,Athletics,Men's Hammer Throw,Gold Medal,2024
Bence HALASZ,,,Athletics,Men's Hammer Throw,Silver Medal,2024
Mykhaylo KOKHAN,,,Athletics,Men's Hammer Throw,Bronze Medal,2024
Yaroslava MAHUCHIKH,,,Athletics,Women's High Jump,Gold Medal,2024
Nicola OLYSLAGERS,,,Athletics,Women's High Jump,Silver Medal,2024
Iryna GERASHCHENKO,,,Athletics,Women's High Jump,Bronze Medal,2024
Eleanor PATTERSON,,,Athletics,Women's High Jump,Bronze Medal,2024
LEE/WANG,,,Badminton,Men's Doubles,Gold Medal,2024
LIANG/WANG,,,Badminton,Men's Doubles,Silver Medal,2024
CHIA/SOH,,,Badminton,Men's Doubles,Bronze Medal,2024
Gregoria Mariska TUNJUNG,,,Badminton,Women's Singles,Bronze Medal,2024
Yunior ALCANTARA REYES,,,Boxing,Men's 51kg,Bronze Medal,2024
David de PINA,,,Boxing,Men's 51kg,Bronze Medal,2024
Wyatt SANFORD,,,Boxing,Men's 63.5kg,Bronze Medal,2024
Lasha GURULI,,,Boxing,Men's 63.5kg,Bronze Medal,2024
Cristian Javier PINALES,,,Boxing,Men's 80kg,Bronze Medal,2024
Arlen LOPEZ CARDONA,,,Boxing,Men's 80kg,Bronze Medal,2024
Enmanuel REYES PLA,,,Boxing,Men's 92kg,Bronze Medal,2024
Davlat BOLTAEV,,,Boxing,Men's 92kg,Bronze Medal,2024
PANG Cholmi,Female,DPR Korea,Boxing,Women's 54kg,Bronze Medal,2024
IM Aeji,Female,Korea,Boxing,Women's 54kg,Bronze Medal,2024
Kristen FAULKNER,,,Cycling Road,Women's Road Race,Gold Medal,2024
Marianne VOS,,,Cycling Road,Women's Road Race,Silver Medal,2024
Lotte KOPECKY,,,Cycling Road,Women's Road Race,Bronze Medal,2024
Jessica von BREDOW-WERNDL,,,Equestrian,Dressage Individual,Gold Medal,2024
Isabell WERTH,,,Equestrian,Dressage Individual,Silver Medal,2024
Charlotte FRY,,,Equestrian,Dressage Individual,Bronze Medal,2024
Japan,,,Fencing,Men's Foil Team,Gold Medal,2024
Italy,,,Fencing,Men's Foil Team,Silver Medal,2024
France,,,Fencing,Men's Foil Team,Bronze Medal,2024
Scottie SCHEFFLER,,,Golf,Men's Individual Stroke Play,Gold Medal,2024
Tommy FLEETWOOD,,,Golf,Men's Individual Stroke Play,Silver Medal,2024
MATSUYAMA Hideki,Male,Japan,Golf,Men's Individual Stroke Play,Bronze Medal,2024
Francisca CROVETTO CHADID,,,Shooting,Skeet Women,Gold Medal,2024
Amber Jo RUTTER,,,Shooting,Skeet Women,Silver Medal,2024
Austen Jewell SMITH,,,Shooting,Skeet Women,Bronze Medal,2024
Bobby FINKE,,,Swimming,Men's 1500m Freestyle,Gold Medal,2024
Gregorio PALTRINIERI,,,Swimming,Men's 1500m Freestyle,Silver Medal,2024
Daniel WIFFEN,,,Swimming,Men's 1500m Freestyle,Bronze Medal,2024
China,,,Swimming,Men's 4 x 100m Medley Relay,Gold Medal,2024
United States,,,Swimming,Men's 4 x 100m Medley Relay,Silver Medal,2024
France,,,Swimming,Men's 4 x 100m Medley Relay,Bronze Medal,2024
United States,,,Swimming,Women's 4 x 100m Medley Relay,Gold Medal,2024
Australia,,,Swimming,Women's 4 x 100m Medley Relay,Silver Medal,2024
China,,,Swimming,Women's 4 x 100m Medley Relay,Bronze Medal,2024
Sarah SJOESTROEM,,,Swimming,Women's 50m Freestyle,Gold Medal,2024
Meg HARRIS,,,Swimming,Women's 50m Freestyle,Silver Medal,2024
ZHANG Yufei,Female,China,Swimming,Women's 50m Freestyle,Bronze Medal,2024
FAN Zhendong,Male,China,Table Tennis,Men's Singles,Gold Medal,2024
Truls MOREGARD,,,Table Tennis,Men's Singles,Silver Medal,2024
Felix LEBRUN,,,Table Tennis,Men's Singles,Bronze Medal,2024
Novak DJOKOVIC,,,Tennis,Men's Singles,Gold Medal,2024
Carlos ALCARAZ,,,Tennis,Men's Singles,Silver Medal,2024
ERRANI/PAOLINI,,,Tennis,Women's Doubles,Gold Medal,2024
ANDREEVA/SHNAIDER,,,Tennis,Women's Doubles,Silver Medal,2024
BUCSA/SORRIBES TORMO,,,Tennis,Women's Doubles,Bronze Medal,2024
Netherlands,,,3x3 Basketball,Men,Gold Medal,2024
France,,,3x3 Basketball,Men,Silver Medal,2024
Lithuania,,,3x3 Basketball,Men,Bronze Medal,2024
Germany,,,3x3 Basketball,Women,Gold Medal,2024
Spain,,,3x3 Basketball,Women,Silver Medal,2024
United States,,,3x3 Basketball,Women,Bronze Medal,2024
OKA Shinnosuke,Male,Japan,Artistic Gymnastics,Men's Horizontal Bar,Gold Medal,2024
Angel BARAJAS,,,Artistic Gymnastics,Men's Horizontal Bar,Silver Medal,2024
ZHANG Boheng,Male,China,Artistic Gymnastics,Men's Horizontal Bar,Bronze Medal,2024
TANG Chia-Hung,Male,Chinese Taipei,Artistic Gymnastics,Men's Horizontal Bar,Bronze Medal,2024
ZOU Jingyuan,Male,China,Artistic Gymnastics,Men's Parallel Bars,Gold Medal,2024
Illia KOVTUN,,,Artistic Gymnastics,Men's Parallel Bars,Silver Medal,2024
OKA Shinnosuke,Male,Japan,Artistic Gymnastics,Men's Parallel Bars,Bronze Medal,2024
Alice D'AMATO,,,Artistic Gymnastics,Women's Balance Beam,Gold Medal,2024
ZHOU Yaqin,Female,China,Artistic Gymnastics,Women's Balance Beam,Silver Medal,2024
Manila ESPOSITO,,,Artistic Gymnastics,Women's Balance Beam,Bronze Medal,2024
Rebeca ANDRADE,,,Artistic Gymnastics,Women's Floor Exercise,Gold Medal,2024
Simone BILES,,,Artistic Gymnastics,Women's Floor Exercise,Silver Medal,2024
Ana BARBOSU,,,Artistic Gymnastics,Women's Floor Exercise,Bronze Medal,2024
Armand DUPLANTIS,,,Athletics,Men's Pole Vault,Gold Medal,2024
Sam KENDRICKS,,,Athletics,Men's Pole Vault,Silver Medal,2024
Emmanouil KARALIS,,,Athletics,Men's Pole Vault,Bronze Medal,2024
Beatrice CHEBET,,,Athletics,Women's 5000m,Gold Medal,2024
Faith KIPYEGON,,,Athletics,Women's 5000m,Silver Medal,2024
Sifan HASSAN,,,Athletics,Women's 5000m,Bronze Medal,2024
Keely HODGKINSON,,,Athletics,Women's 800m,Gold Medal,2024
Tsige DUGUMA,,,Athletics,Women's 800m,Silver Medal,2024
Mary MORAA,,,Athletics,Women's 800m,Bronze Medal,2024
Valarie ALLMAN,,,Athletics,Women's Discus Throw,Gold Medal,2024
FENG Bin,Female,China,Athletics,Women's Discus Throw,Silver Medal,2024
Sandra ELKASEVIC,,,Athletics,Women's Discus Throw,Bronze Medal,2024
Viktor AXELSEN,,,Badminton,Men's Singles,Gold Medal,2024
Kunlavut VITIDSARN,,,Badminton,Men's Singles,Silver Medal,2024
Zii Jia LEE,,,Badminton,Men's Singles,Bronze Medal,2024
AN Se Young,Female,Korea,Badminton,Women's Singles,Gold Medal,2024
HE Bing Jiao,Female,China,Badminton,Women's Singles,Silver Medal,2024
Finn BUTCHER,,,Canoe Slalom,Men's Kayak Cross,Gold Medal,2024
Joseph CLARKE,,,Canoe Slalom,Men's Kayak Cross,Silver Medal,2024
Noah HEGGE,,,Canoe Slalom,Men's Kayak Cross,Bronze Medal,2024
Noemie FOX,,,Canoe Slalom,Women's Kayak Cross,Gold Medal,2024
Angele HUG,,,Canoe Slalom,Women's Kayak Cross,Silver Medal,2024
Kimberley WOODS,,,Canoe Slalom,Women's Kayak Cross,Bronze Medal,2024
Great Britain,,,Cycling Track,Women's Team Sprint,Gold Medal,2024
New Zealand,,,Cycling Track,Women's Team Sprint,Silver Medal,2024
Germany,,,Cycling Track,Women's Team Sprint,Bronze Medal,2024
LI Yuehong,Male,China,Shooting,25m Rapid Fire Pistol Men,Gold Medal,2024
CHO Yeongjae,Male,Korea,Shooting,25m Rapid Fire Pistol Men,Silver Medal,2024
WANG Xinjie,Male,China,Shooting,25m Rapid Fire Pistol Men,Bronze Medal,2024
Italy 1,,,Shooting,Skeet Mixed Team,Gold Medal,2024
United States 1,,,Shooting,Skeet Mixed Team,Silver Medal,2024
China,,,Shooting,Skeet Mixed Team,Bronze Medal,2024
Kauli VAAST,,,Surfing,Men,Gold Medal,2024
Jack ROBINSON,,,Surfing,Men,Silver Medal,2024
Gabriel MEDINA,,,Surfing,Men,Bronze Medal,2024
Caroline MARKS,,,Surfing,Women,Gold Medal,2024
Tatiana WESTON-WEBB,,,Surfing,Women,Silver Medal,2024
Johanne DEFAY,,,Surfing,Women,Bronze Medal,2024
Germany,,,Triathlon,Mixed Relay,Gold Medal,2024
United States,,,Triathlon,Mixed Relay,Silver Medal,2024
Great Britain,,,Triathlon,Mixed Relay,Bronze Medal,2024
Cole HOCKER,,,Athletics,Men's 1500m,Gold Medal,2024
Josh KERR,,,Athletics,Men's 1500m,Silver Medal,2024
Yared NUGUSE,,,Athletics,Men's 1500m,Bronze Medal,2024
Miltiadis TENTOGLOU,,,Athletics,Men's Long Jump,Gold Medal,2024
Wayne PINNOCK,,,Athletics,Men's Long Jump,Silver Medal,2024
Mattia FURLANI,,,Athletics,Men's Long Jump,Bronze Medal,2024
Gabrielle THOMAS,,,Athletics,Women's 200m,Gold Medal,2024
Julien ALFRED,,,Athletics,Women's 200m,Silver Medal,2024
Brittany BROWN,,,Athletics,Women's 200m,Bronze Medal,2024
Winfred YAVI,,,Athletics,Women's 3000m Steeplechase,Gold Medal,2024
Peruth CHEMUTAI,,,Athletics,Women's 3000m Steeplechase,Silver Medal,2024
Faith CHEROTICH,,,Athletics,Women's 3000m Steeplechase,Bronze Medal,2024
Camryn ROGERS,,,Athletics,Women's Hammer Throw,Gold Medal,2024
Annette Nneka ECHIKUNWOKE,,,Athletics,Women's Hammer Throw,Silver Medal,2024
ZHAO Jie,Female,China,Athletics,Women's Hammer Throw,Bronze Medal,2024
Omari JONES,,,Boxing,Men's 71kg,Bronze Medal,2024
Lewis RICHARDSON,,,Boxing,Men's 71kg,Bronze Medal,2024
Nazym KYZAIBAY,,,Boxing,Women's 50kg,Bronze Medal,2024
Aira VILLEGAS,,,Boxing,Women's 50kg,Bronze Medal,2024
Kellie HARRINGTON,,,Boxing,Women's 60kg,Gold Medal,2024
YANG Wenlu,Female,China,Boxing,Women's 60kg,Silver Medal,2024
Janjaem SUWANNAPHENG,,,Boxing,Women's 66kg,Bronze Medal,2024
CHEN Nien Chin,Female,Chinese Taipei,Boxing,Women's 66kg,Bronze Medal,2024
Netherlands,,,Cycling Track,Men's Team Sprint,Gold Medal,2024
Great Britain,,,Cycling Track,Men's Team Sprint,Silver Medal,2024
Australia,,,Cycling Track,Men's Team Sprint,Bronze Medal,2024
QUAN Hongchan,Female,China,Diving,Women's 10m Platform,Gold Medal,2024
CHEN Yuxi,Female,China,Diving,Women's 10m Platform,Silver Medal,2024
KIM Mi Rae,Female,DPR Korea,Diving,Women's 10m Platform,Bronze Medal,2024
Christian KUKUK,,,Equestrian,Jumping Individual,Gold Medal,2024
Steve GUERDAT,,,Equestrian,Jumping Individual,Silver Medal,2024
Maikel van der VLEUTEN,,,Equestrian,Jumping Individual,Bronze Medal,2024
Arisa TREW,,,Skateboarding,Women's Park,Gold Medal,2024
HIRAKI Cocona,Female,Japan,Skateboarding,Women's Park,Silver Medal,2024
Sky BROWN,,,Skateboarding,Women's Park,Bronze Medal,2024
Mijain LOPEZ NUNEZ,,,Wrestling,Men's Greco-Roman 130kg,Gold Medal,2024
Yasmani ACOSTA FERNANDEZ,,,Wrestling,Men's Greco-Roman 130kg,Silver Medal,2024
Amin MIRZAZADEH,,,Wrestling,Men's Greco-Roman 130kg,Bronze Medal,2024
MENG Lingzhe,Male,China,Wrestling,Men's Greco-Roman 130kg,Bronze Medal,2024
FUMITA Kenichiro,Male,Japan,Wrestling,Men's Greco-Roman 60kg,Gold Medal,2024
CAO Liguo,Male,China,Wrestling,Men's Greco-Roman 60kg,Silver Medal,2024
Zholaman SHARSHENBEKOV,,,Wrestling,Men's Greco-Roman 60kg,Bronze Medal,2024
RI Se Ung,Male,DPR Korea,Wrestling,Men's Greco-Roman 60kg,Bronze Medal,2024
Amit ELOR,,,Wrestling,Women's Freestyle 68kg,Gold Medal,2024
Meerim ZHUMANAZAROVA,,,Wrestling,Women's Freestyle 68kg,Silver Medal,2024
Buse CAVUSOGLU TOSUN,,,Wrestling,Women's Freestyle 68kg,Bronze Medal,2024
OZAKI Nonoka,Female,Japan,Wrestling,Women's Freestyle 68kg,Bronze Medal,2024
China,,,Artistic Swimming,Team,Gold Medal,2024
United States,,,Artistic Swimming,Team,Silver Medal,2024
Spain,,,Artistic Swimming,Team,Bronze Medal,2024
MARTIN A/PEREZ M,,,Athletics,Marathon Race Walk Relay Mixed,Gold Medal,2024
PINTADO B/MOREJON G,,,Athletics,Marathon Race Walk Relay Mixed,Silver Medal,2024
COWLEY R/MONTAG J,,,Athletics,Marathon Race Walk Relay Mixed,Bronze Medal,2024
Soufiane EL BAKKALI,,,Athletics,Men's 3000m Steeplechase,Gold Medal,2024
Kenneth ROOKS,,,Athletics,Men's 3000m Steeplechase,Silver Medal,2024
Abraham KIBIWOT,,,Athletics,Men's 3000m Steeplechase,Bronze Medal,2024
Quincy HALL,,,Athletics,Men's 400m,Gold Medal,2024
Matthew HUDSON-SMITH,,,Athletics,Men's 400m,Silver Medal,2024
Muzala SAMUKONGA,,,Athletics,Men's 400m,Bronze Medal,2024
Roje STONA,,,Athletics,Men's Discus Throw,Gold Medal,2024
Mykolas ALEKNA,,,Athletics,Men's Discus Throw,Silver Medal,2024
Matthew DENNY,,,Athletics,Men's Discus Throw,Bronze Medal,2024
Nina KENNEDY,,,Athletics,Women's Pole Vault,Gold Medal,2024
Katie MOON,,,Athletics,Women's Pole Vault,Silver Medal,2024
Alysha NEWMAN,,,Athletics,Women's Pole Vault,Bronze Medal,2024
Nelvie Raman TIAFACK,,,Boxing,Men's +92kg,Bronze Medal,2024
Djamili-Dini ABOUDOU MOINDZE,,,Boxing,Men's +92kg,Bronze Medal,2024
Erislandy ALVAREZ BORGES,,,Boxing,Men's 63.5kg,Gold Medal,2024
Sofiane OUMIHA,,,Boxing,Men's 63.5kg,Silver Medal,2024
Oleksandr KHYZHNIAK,,,Boxing,Men's 80kg,Gold Medal,2024
Nurbek ORALBAY,,,Boxing,Men's 80kg,Silver Medal,2024
Esra YILDIZ KAHRAMAN,,,Boxing,Women's 57kg,Bronze Medal,2024
Nesthy PETECIO,,,Boxing,Women's 57kg,Bronze Medal,2024
Australia,,,Cycling Track,Men's Team Pursuit,Gold Medal,2024
Great Britain,,,Cycling Track,Men's Team Pursuit,Silver Medal,2024
Italy,,,Cycling Track,Men's Team Pursuit,Bronze Medal,2024
United States,,,Cycling Track,Women's Team Pursuit,Gold Medal,2024
New Zealand,,,Cycling Track,Women's Team Pursuit,Silver Medal,2024
Great Britain,,,Cycling Track,Women's Team Pursuit,Bronze Medal,2024
Matt WEARN,,,Sailing,Men's Dinghy,Gold Medal,2024
Pavlos KONTIDES,,,Sailing,Men's Dinghy,Silver Medal,2024
Stefano PESCHIERA,,,Sailing,Men's Dinghy,Bronze Medal,2024
Marit BOUWMEESTER,,,Sailing,Women's Dinghy,Gold Medal,2024
Anne-Marie RINDOM,,,Sailing,Women's Dinghy,Silver Medal,2024
Line Flem HOEST,,,Sailing,Women's Dinghy,Bronze Medal,2024
Keegan PALMER,,,Skateboarding,Men's Park,Gold Medal,2024
Tom SCHAAR,,,Skateboarding,Men's Park,Silver Medal,2024
Augusto AKIO,,,Skateboarding,Men's Park,Bronze Medal,2024
Aleksandra MIROSLAW,,,Sport Climbing,Women's Speed,Gold Medal,2024
DENG Lijuan,Female,China,Sport Climbing,Women's Speed,Silver Medal,2024
Aleksandra KALUCKA,,,Sport Climbing,Women's Speed,Bronze Medal,2024
PARK Taejoon,Male,Korea,Taekwondo,Men -58kg,Gold Medal,2024
Gashim MAGOMEDOV,,,Taekwondo,Men -58kg,Silver Medal,2024
Cyrian RAVET,,,Taekwondo,Men -58kg,Bronze Medal,2024
Mohamed Khalil JENDOUBI,,,Taekwondo,Men -58kg,Bronze Medal,2024
Panipak WONGPATTANAKIT,,,Taekwondo,Women -49kg,Gold Medal,2024
GUO Qing,Female,China,Taekwondo,Women -49kg,Silver Medal,2024
Mobina NEMATZADEH,,,Taekwondo,Women -49kg,Bronze Medal,2024
Lena STOJKOVIC,,,Taekwondo,Women -49kg,Bronze Medal,2024
LI Fabin,Male,China,Weightlifting,Men's 61kg,Gold Medal,2024
Theerapong SILACHAI,,,Weightlifting,Men's 61kg,Silver Medal,2024
Hampton MORRIS,,,Weightlifting,Men's 61kg,Bronze Medal,2024
HOU Zhihui,Female,China,Weightlifting,Women's 49kg,Gold Medal,2024
Mihaela Valentina CAMBEI,,,Weightlifting,Women's 49kg,Silver Medal,2024
Surodchana KHAMBAO,,,Weightlifting,Women's 49kg,Bronze Medal,2024
KUSAKA Nao,Male,Japan,Wrestling,Men's Greco-Roman 77kg,Gold Medal,2024
Demeu ZHADRAYEV,,,Wrestling,Men's Greco-Roman 77kg,Silver Medal,2024
Malkhas AMOYAN,,,Wrestling,Men's Greco-Roman 77kg,Bronze Medal,2024
Akzhol MAKHMUDOV,,,Wrestling,Men's Greco-Roman 77kg,Bronze Medal,2024
Mohammadhadi SARAVI,,,Wrestling,Men's Greco-Roman 97kg,Gold Medal,2024
Artur ALEKSANYAN,,,Wrestling,Men's Greco-Roman 97kg,Silver Medal,2024
Gabriel Alejandro ROSILLO KINDELAN,,,Wrestling,Men's Greco-Roman 97kg,Bronze Medal,2024
Uzur DZHUZUPBEKOV,,,Wrestling,Men's Greco-Roman 97kg,Bronze Medal,2024
Sarah Ann HILDEBRANDT,,,Wrestling,Women's Freestyle 50kg,Gold Medal,2024
Yusneylis GUZMAN LOPEZ,,,Wrestling,Women's Freestyle 50kg,Silver Medal,2024
SUSAKI Yui,Female,Japan,Wrestling,Women's Freestyle 50kg,Bronze Medal,2024
FENG Ziqi,Female,China,Wrestling,Women's Freestyle 50kg,Bronze Medal,2024
Grant HOLLOWAY,,,Athletics,Men's 110m Hurdles,Gold Medal,2024
Daniel ROBERTS,,,Athletics,Men's 110m Hurdles,Silver Medal,2024
Rasheed BROADBELL,,,Athletics,Men's 110m Hurdles,Bronze Medal,2024
Letsile TEBOGO,,,Athletics,Men's 200m,Gold Medal,2024
Kenneth BEDNAREK,,,Athletics,Men's 200m,Silver Medal,2024
Noah LYLES,,,Athletics,Men's 200m,Bronze Medal,2024
Arshad NADEEM,,,Athletics,Men's Javelin Throw,Gold Medal,2024
Neeraj CHOPRA,,,Athletics,Men's Javelin Throw,Silver Medal,2024
Anderson PETERS,,,Athletics,Men's Javelin Throw,Bronze Medal,2024
Sydney McLAUGHLIN-LEVRONE,,,Athletics,Women's 400m Hurdles,Gold Medal,2024
Anna COCKRELL,,,Athletics,Women's 400m Hurdles,Silver Medal,2024
Femke BOL,,,Athletics,Women's 400m Hurdles,Bronze Medal,2024
Tara DAVIS-WOODHALL,,,Athletics,Women's Long Jump,Gold Medal,2024
Malaika MIHAMBO,,,Athletics,Women's Long Jump,Silver Medal,2024
Jasmine MOORE,,,Athletics,Women's Long Jump,Bronze Medal,2024
Hasanboy DUSMATOV,,,Boxing,Men's 51kg,Gold Medal,2024
Billal BENNAMA,,,Boxing,Men's 51kg,Silver Medal,2024
Charlie SENIOR,,,Boxing,Men's 57kg,Bronze Medal,2024
Javier IBANEZ DIAZ,,,Boxing,Men's 57kg,Bronze Medal,2024
CHANG Yuan,Female,China,Boxing,Women's 54kg,Gold Medal,2024
Hatice AKBAS,,,Boxing,Women's 54kg,Silver Medal,2024
Caitlin PARKER,,,Boxing,Women's 75kg,Bronze Medal,2024
Cindy Winner DJANKEU NGAMBA,,,Boxing,Women's 75kg,Bronze Medal,2024
LIU/JI,,,Canoe Sprint,Men's Canoe Double 500m,Gold Medal,2024
CASADEI/TACCHINI,,,Canoe Sprint,Men's Canoe Double 500m,Silver Medal,2024
MORENO/DOMINGUEZ,,,Canoe Sprint,Men's Canoe Double 500m,Bronze Medal,2024
Germany,,,Canoe Sprint,Men's Kayak Four 500m,Gold Medal,2024
Australia,,,Canoe Sprint,Men's Kayak Four 500m,Silver Medal,2024
Spain,,,Canoe Sprint,Men's Kayak Four 500m,Bronze Medal,2024
New Zealand,,,Canoe Sprint,Women's Kayak Four 500m,Gold Medal,2024
Germany,,,Canoe Sprint,Women's Kayak Four 500m,Silver Medal,2024
Hungary,,,Canoe Sprint,Women's Kayak Four 500m,Bronze Medal,2024
Benjamin THOMAS,,,Cycling Track,Men's Omnium,Gold Medal,2024
Iuri LEITAO,,,Cycling Track,Men's Omnium,Silver Medal,2024
Fabio van den BOSSCHE,,,Cycling Track,Men's Omnium,Bronze Medal,2024
Ellesse ANDREWS,,,Cycling Track,Women's Keirin,Gold Medal,2024
Hetty van de WOUW,,,Cycling Track,Women's Keirin,Silver Medal,2024
Emma FINUCANE,,,Cycling Track,Women's Keirin,Bronze Medal,2024
XIE Siyi,Male,China,Diving,Men's 3m Springboard,Gold Medal,2024
WANG Zongyuan,Male,China,Diving,Men's 3m Springboard,Silver Medal,2024
Osmar OLVERA IBARRA,,,Diving,Men's 3m Springboard,Bronze Medal,2024
Morocco,,,Football,Men,Bronze Medal,2024
Netherlands,,,Hockey,Men,Gold Medal,2024
Germany,,,Hockey,Men,Silver Medal,2024
India,Female,Netherlands,Hockey,Men,Bronze Medal,2024
Sharon van ROUWENDAAL,,,Marathon Swimming,Women's 10km,Gold Medal,2024
Moesha JOHNSON,,,Marathon Swimming,Women's 10km,Silver Medal,2024
Ginevra TADDEUCCI,,,Marathon Swimming,Women's 10km,Bronze Medal,2024
VADLAU/MAEHR,,,Sailing,Mixed Dinghy,Gold Medal,2024
OKADA/YOSHIOKA,,,Sailing,Mixed Dinghy,Silver Medal,2024
DAHLBERG/KARLSSON,,,Sailing,Mixed Dinghy,Bronze Medal,2024
TITA/BANTI,,,Sailing,Mixed Multihull,Gold Medal,2024
MAJDALANI/BOSCO,,,Sailing,Mixed Multihull,Silver Medal,2024
WILKINSON/DAWSON,,,Sailing,Mixed Multihull,Bronze Medal,2024
Eleanor ALDRIDGE,,,Sailing,Women's Kite,Gold Medal,2024
Lauriane NOLOT,,,Sailing,Women's Kite,Silver Medal,2024
Annelous LAMMERTS,,,Sailing,Women's Kite,Bronze Medal,2024
Veddriq LEONARDO,,,Sport Climbing,Men's Speed,Gold Medal,2024
WU Peng,Male,China,Sport Climbing,Men's Speed,Silver Medal,2024
Sam WATSON,,,Sport Climbing,Men's Speed,Bronze Medal,2024
Ulugbek RASHITOV,,,Taekwondo,Men -68kg,Gold Medal,2024
Zaid KAREEM,,,Taekwondo,Men -68kg,Silver Medal,2024
LIANG Yushuai,Male,China,Taekwondo,Men -68kg,Bronze Medal,2024
Edival PONTES,,,Taekwondo,Men -68kg,Bronze Medal,2024
KIM Yujin,Female,Korea,Taekwondo,Women -57kg,Gold Medal,2024
Nahid KIYANICHANDEH,,,Taekwondo,Women -57kg,Silver Medal,2024
Skylar PARK,,,Taekwondo,Women -57kg,Bronze Medal,2024
Alizadeh KIMIA,,,Taekwondo,Women -57kg,Bronze Medal,2024
Rizki JUNIANSYAH,,,Weightlifting,Men's 73kg,Gold Medal,2024
Weeraphon WICHUMA,,,Weightlifting,Men's 73kg,Silver Medal,2024
Bozhidar Dimitrov ANDREEV,,,Weightlifting,Men's 73kg,Bronze Medal,2024
LUO Shifang,Female,China,Weightlifting,Women's 59kg,Gold Medal,2024
Maude CHARRON,,,Weightlifting,Women's 59kg,Silver Medal,2024
KUO Hsing-Chun,Female,Chinese Taipei,Weightlifting,Women's 59kg,Bronze Medal,2024
Saeid ESMAEILI LEIVESI,,,Wrestling,Men's Greco-Roman 67kg,Gold Medal,2024
Parviz NASIBOV,,,Wrestling,Men's Greco-Roman 67kg,Silver Medal,2024
Hasrat JAFAROV,,,Wrestling,Men's Greco-Roman 67kg,Bronze Medal,2024
Luis Alberto ORTA SANCHEZ,,,Wrestling,Men's Greco-Roman 67kg,Bronze Medal,2024
Semen Sergeevich NOVIKOV,,,Wrestling,Men's Greco-Roman 87kg,Gold Medal,2024
Alireza MOHMADIPIANI,,,Wrestling,Men's Greco-Roman 87kg,Silver Medal,2024
Zhan BELENIUK,,,Wrestling,Men's Greco-Roman 87kg,Bronze Medal,2024
Turpal Ali BISULTANOV,,,Wrestling,Men's Greco-Roman 87kg,Bronze Medal,2024
FUJINAMI Akari,Female,Japan,Wrestling,Women's Freestyle 53kg,Gold Medal,2024
Lucia Yamileth YEPEZ GUZMAN,,,Wrestling,Women's Freestyle 53kg,Silver Medal,2024
CHOE Hyo Gyong,Female,DPR Korea,Wrestling,Women's Freestyle 53kg,Bronze Medal,2024
PANG Qianyu,Female,China,Wrestling,Women's Freestyle 53kg,Bronze Medal,2024
Canada,,,Athletics,Men's 4 x 100m Relay,Gold Medal,2024
South Africa,,,Athletics,Men's 4 x 100m Relay,Silver Medal,2024
Great Britain,,,Athletics,Men's 4 x 100m Relay,Bronze Medal,2024
Rai BENJAMIN,,,Athletics,Men's 400m Hurdles,Gold Medal,2024
Karsten WARHOLM,,,Athletics,Men's 400m Hurdles,Silver Medal,2024
Alison dos SANTOS,,,Athletics,Men's 400m Hurdles,Bronze Medal,2024
Jordan Alejandro DIAZ FORTUN,,,Athletics,Men's Triple Jump,Gold Medal,2024
Pedro PICHARDO,,,Athletics,Men's Triple Jump,Silver Medal,2024
Andy DIAZ HERNANDEZ,,,Athletics,Men's Triple Jump,Bronze Medal,2024
Beatrice CHEBET,,,Athletics,"Women's 10,000m",Gold Medal,2024
Nadia BATTOCLETTI,,,Athletics,"Women's 10,000m",Silver Medal,2024
Sifan HASSAN,,,Athletics,"Women's 10,000m",Bronze Medal,2024
United States,,,Athletics,Women's 4 x 100m Relay,Gold Medal,2024
Great Britain,,,Athletics,Women's 4 x 100m Relay,Silver Medal,2024
Germany,,,Athletics,Women's 4 x 100m Relay,Bronze Medal,2024
Marileidy PAULINO,,,Athletics,Women's 400m,Gold Medal,2024
Salwa Eid NASER,,,Athletics,Women's 400m,Silver Medal,2024
Natalia KACZMAREK,,,Athletics,Women's 400m,Bronze Medal,2024
Yemisi OGUNLEYE,,,Athletics,Women's Shot Put,Gold Medal,2024
Maddison-Lee WESCHE,,,Athletics,Women's Shot Put,Silver Medal,2024
SONG Jiayuan,Female,China,Athletics,Women's Shot Put,Bronze Medal,2024
ANA PATRICIA/DUDA,,,Beach Volleyball,Women,Gold Medal,2024
MELISSA/BRANDIE,,,Beach Volleyball,Women,Silver Medal,2024
HUBERLI/BRUNNER,,,Beach Volleyball,Women,Bronze Medal,2024
Asadkhuja MUYDINKHUJAEV,,,Boxing,Men's 71kg,Gold Medal,2024
Marco Alonso VERDE ALVAREZ,,,Boxing,Men's 71kg,Silver Medal,2024
Lazizbek MULLOJONOV,,,Boxing,Men's 92kg,Gold Medal,2024
Loren Berto ALFONSO DOMINGUEZ,,,Boxing,Men's 92kg,Silver Medal,2024
WU Yu,Female,China,Boxing,Women's 50kg,Gold Medal,2024
Buse Naz CAKIROGLU,,,Boxing,Women's 50kg,Silver Medal,2024
Imane KHELIF,,,Boxing,Women's 66kg,Gold Medal,2024
YANG Liu,Female,China,Boxing,Women's 66kg,Silver Medal,2024
YANG Liu,Female,China,Boxing,Women's 66kg,Silver Medal,2024
AMI,Female,Japan,Breaking,B-Girls,Gold Medal,2024
NICKA,Female,Lithuania,Breaking,B-Girls,Silver Medal,2024
671,Female,China,Breaking,B-Girls,Bronze Medal,2024
Martin FUKSA,,,Canoe Sprint,Men's Canoe Single 1000m,Gold Medal,2024
Isaquias QUEIROZ,,,Canoe Sprint,Men's Canoe Single 1000m,Silver Medal,2024
Serghei TARNOVSCHI,,,Canoe Sprint,Men's Canoe Single 1000m,Bronze Medal,2024
SCHOPF/LEMKE,,,Canoe Sprint,Men's Kayak Double 500m,Gold Medal,2024
NADAS/TOTKA,,,Canoe Sprint,Men's Kayak Double 500m,Silver Medal,2024
van der WE/GREEN,,,Canoe Sprint,Men's Kayak Double 500m,Bronze Medal,2024
XU/SUN,,,Canoe Sprint,Women's Canoe Double 500m,Gold Medal,2024
LUZAN/RYBACHOK,,,Canoe Sprint,Women's Canoe Double 500m,Silver Medal,2024
MACKENZIE/VINCENT,,,Canoe Sprint,Women's Canoe Double 500m,Bronze Medal,2024
CARRINGTON/HOSKIN,,,Canoe Sprint,Women's Kayak Double 500m,Gold Medal,2024
CSIPES/GAZSO,,,Canoe Sprint,Women's Kayak Double 500m,Silver Medal,2024
PASZEK/HAKE,,,Canoe Sprint,Women's Kayak Double 500m,Bronze Medal,2024
PUPP/FOJT,,,Canoe Sprint,Women's Kayak Double 500m,Bronze Medal,2024
Harrie LAVREYSEN,,,Cycling Track,Men's Sprint,Gold Medal,2024
Matthew RICHARDSON,,,Cycling Track,Men's Sprint,Silver Medal,2024
Jack CARLIN,,,Cycling Track,Men's Sprint,Bronze Medal,2024
Italy,,,Cycling Track,Women's Madison,Gold Medal,2024
Great Britain,,,Cycling Track,Women's Madison,Silver Medal,2024
Netherlands,,,Cycling Track,Women's Madison,Bronze Medal,2024
CHEN Yiwen,Female,China,Diving,Women's 3m Springboard,Gold Medal,2024
Maddison KEENEY,,,Diving,Women's 3m Springboard,Silver Medal,2024
CHANG Yani,Female,China,Diving,Women's 3m Springboard,Bronze Medal,2024
Spain,,,Football,Men,Gold Medal,2024
France,,,Football,Men,Silver Medal,2024
Germany,,,Football,Women,Bronze Medal,2024
Netherlands,,,Hockey,Women,Gold Medal,2024
China,,,Hockey,Women,Silver Medal,2024
Argentina,,,Hockey,Women,Bronze Medal,2024
Kristof RASOVSZKY,,,Marathon Swimming,Men's 10km,Gold Medal,2024
Oliver KLEMET,,,Marathon Swimming,Men's 10km,Silver Medal,2024
David BETLEHEM,,,Marathon Swimming,Men's 10km,Bronze Medal,2024
Valentin BONTUS,,,Sailing,Men's Kite,Gold Medal,2024
Toni VODISEK,,,Sailing,Men's Kite,Silver Medal,2024
Maximilian MAEDER,,,Sailing,Men's Kite,Bronze Medal,2024
Toby ROBERTS,,,Sport Climbing,Men's Boulder & Lead,Gold Medal,2024
ANRAKU Sorato,Male,Japan,Sport Climbing,Men's Boulder & Lead,Silver Medal,2024
Jakob SCHUBERT,,,Sport Climbing,Men's Boulder & Lead,Bronze Medal,2024
China,,,Table Tennis,Men's Team,Gold Medal,2024
Sweden,,,Table Tennis,Men's Team,Silver Medal,2024
France,,,Table Tennis,Men's Team,Bronze Medal,2024
Firas KATOUSSI,,,Taekwondo,Men -80kg,Gold Medal,2024
Mehran BARKHORDARI,,,Taekwondo,Men -80kg,Silver Medal,2024
Simone ALESSIO,,,Taekwondo,Men -80kg,Bronze Medal,2024
Edi HRNIC,,,Taekwondo,Men -80kg,Bronze Medal,2024
Viviana MARTON,,,Taekwondo,Women -67kg,Gold Medal,2024
Aleksandra PERISIC,,,Taekwondo,Women -67kg,Silver Medal,2024
Kristina TEACHOUT,,,Taekwondo,Women -67kg,Bronze Medal,2024
Sarah CHAARI,,,Taekwondo,Women -67kg,Bronze Medal,2024
United States,,,Volleyball,Men,Bronze Medal,2024
Karlos May NASAR,,,Weightlifting,Men's 89kg,Gold Medal,2024
Yeison LOPEZ,,,Weightlifting,Men's 89kg,Silver Medal,2024
Antonino PIZZOLATO,,,Weightlifting,Men's 89kg,Bronze Medal,2024
Olivia REEVES,,,Weightlifting,Women's 71kg,Gold Medal,2024
Mari Leivis SANCHEZ,,,Weightlifting,Women's 71kg,Silver Medal,2024
Angie Paola PALACIOS DAJOMES,,,Weightlifting,Women's 71kg,Bronze Medal,2024
HIGUCHI Rei,Male,Japan,Wrestling,Men's Freestyle 57kg,Gold Medal,2024
Spencer Richard LEE,,,Wrestling,Men's Freestyle 57kg,Silver Medal,2024
Aman AMAN,Male,India,Wrestling,Men's Freestyle 57kg,Bronze Medal,2024
Gulomjon ABDULLAEV,,,Wrestling,Men's Freestyle 57kg,Bronze Medal,2024
Magomed Eldarovitch RAMAZANOV,,,Wrestling,Men's Freestyle 86kg,Gold Medal,2024
Hassan YAZDANICHARATI,,,Wrestling,Men's Freestyle 86kg,Silver Medal,2024
Aaron Marquel BROOKS,,,Wrestling,Men's Freestyle 86kg,Bronze Medal,2024
Dauren KURUGLIEV,,,Wrestling,Men's Freestyle 86kg,Bronze Medal,2024
SAKURAI Tsugumi,Female,Japan,Wrestling,Women's Freestyle 57kg,Gold Medal,2024
Anastasia NICHITA,,,Wrestling,Women's Freestyle 57kg,Silver Medal,2024
Helen Louise MAROULIS,,,Wrestling,Women's Freestyle 57kg,Bronze Medal,2024
HONG Kexin,Female,China,Wrestling,Women's Freestyle 57kg,Bronze Medal,2024
China,,,Artistic Swimming,Duet,Gold Medal,2024
Great Britain,,,Artistic Swimming,Duet,Silver Medal,2024
Netherlands,,,Artistic Swimming,Duet,Bronze Medal,2024
United States,,,Athletics,Men's 4 x 400m Relay,Gold Medal,2024
Botswana,,,Athletics,Men's 4 x 400m Relay,Silver Medal,2024
Great Britain,,,Athletics,Men's 4 x 400m Relay,Bronze Medal,2024
Jakob INGEBRIGTSEN,,,Athletics,Men's 5000m,Gold Medal,2024
Ronald KWEMOI,,,Athletics,Men's 5000m,Silver Medal,2024
Grant FISHER,,,Athletics,Men's 5000m,Bronze Medal,2024
Emmanuel WANYONYI,,,Athletics,Men's 800m,Gold Medal,2024
Marco AROP,,,Athletics,Men's 800m,Silver Medal,2024
Djamel SEDJATI,,,Athletics,Men's 800m,Bronze Medal,2024
Hamish KERR,,,Athletics,Men's High Jump,Gold Medal,2024
Shelby McEWEN,,,Athletics,Men's High Jump,Silver Medal,2024
Mutaz Essa BARSHIM,,,Athletics,Men's High Jump,Bronze Medal,2024
Tamirat TOLA,,,Athletics,Men's Marathon,Gold Medal,2024
Bashir ABDI,,,Athletics,Men's Marathon,Silver Medal,2024
Benson KIPRUTO,,,Athletics,Men's Marathon,Bronze Medal,2024
Masai RUSSELL,,,Athletics,Women's 100m Hurdles,Gold Medal,2024
Cyrena SAMBA-MAYELA,,,Athletics,Women's 100m Hurdles,Silver Medal,2024
Jasmine CAMACHO-QUINN,,,Athletics,Women's 100m Hurdles,Bronze Medal,2024
Faith KIPYEGON,,,Athletics,Women's 1500m,Gold Medal,2024
Jessica HULL,,,Athletics,Women's 1500m,Silver Medal,2024
Georgia BELL,,,Athletics,Women's 1500m,Bronze Medal,2024
United States,,,Athletics,Women's 4 x 400m Relay,Gold Medal,2024
Netherlands,,,Athletics,Women's 4 x 400m Relay,Silver Medal,2024
Great Britain,,,Athletics,Women's 4 x 400m Relay,Bronze Medal,2024
KITAGUCHI Haruka,Female,Japan,Athletics,Women's Javelin Throw,Gold Medal,2024
Jo-Ane van DYK,,,Athletics,Women's Javelin Throw,Silver Medal,2024
Nikola OGRODNIKOVA,,,Athletics,Women's Javelin Throw,Bronze Medal,2024
United States,,,Basketball,Men,Gold Medal,2024
France,,,Basketball,Men,Silver Medal,2024
Serbia,,,Basketball,Men,Bronze Medal,2024
AHMAN/HELLVIG,,,Beach Volleyball,Men,Gold Medal,2024
EHLERS/WICKLER,,,Beach Volleyball,Men,Silver Medal,2024
MOL/SORUM,,,Beach Volleyball,Men,Bronze Medal,2024
Bakhodir JALOLOV,,,Boxing,Men's +92kg,Gold Medal,2024
Ayoub GHADFA DRISSI EL AISSAOUI,,,Boxing,Men's +92kg,Silver Medal,2024
Abdumalik KHALOKOV,,,Boxing,Men's 57kg,Gold Medal,2024
Munarbek SEIITBEK UULU,,,Boxing,Men's 57kg,Silver Medal,2024
LIN Yu Ting,Female,Chinese Taipei,Boxing,Women's 57kg,Gold Medal,2024
Julia SZEREMETA,,,Boxing,Women's 57kg,Silver Medal,2024
LI Qian,Female,China,Boxing,Women's 75kg,Gold Medal,2024
Atheyna Bibeichi BYLON,,,Boxing,Women's 75kg,Silver Medal,2024
PHIL WIZARD,Male,Canada,Breaking,B-Boys,Gold Medal,2024
DANY DANN,Male,France,Breaking,B-Boys,Silver Medal,2024
VICTOR,Male,United States,Breaking,B-Boys,Bronze Medal,2024
Josef DOSTAL,,,Canoe Sprint,Men's Kayak Single 1000m,Gold Medal,2024
Adam VARGA,,,Canoe Sprint,Men's Kayak Single 1000m,Silver Medal,2024
Balint KOPASZ,,,Canoe Sprint,Men's Kayak Single 1000m,Bronze Medal,2024
Katie VINCENT,,,Canoe Sprint,Women's Canoe Single 200m,Gold Medal,2024
Nevin HARRISON,,,Canoe Sprint,Women's Canoe Single 200m,Silver Medal,2024
Yarisleidis CIRILO DUBOYS,,,Canoe Sprint,Women's Canoe Single 200m,Bronze Medal,2024
Lisa CARRINGTON,,,Canoe Sprint,Women's Kayak Single 500m,Gold Medal,2024
Tamara CSIPES,,,Canoe Sprint,Women's Kayak Single 500m,Silver Medal,2024
Emma Aastrand JORGENSEN,,,Canoe Sprint,Women's Kayak Single 500m,Bronze Medal,2024
Portugal,,,Cycling Track,Men's Madison,Gold Medal,2024
Italy,,,Cycling Track,Men's Madison,Silver Medal,2024
Denmark,,,Cycling Track,Men's Madison,Bronze Medal,2024
CAO Yuan,Male,China,Diving,Men's 10m Platform,Gold Medal,2024
TAMAI Rikuto,Male,Japan,Diving,Men's 10m Platform,Silver Medal,2024
Noah WILLIAMS,,,Diving,Men's 10m Platform,Bronze Medal,2024
United States,,,Football,Women,Gold Medal,2024
Brazil,,,Football,Women,Silver Medal,2024
Lydia KO,,,Golf,Women's Individual Stroke Play,Gold Medal,2024
Esther HENSELEIT,,,Golf,Women's Individual Stroke Play,Silver Medal,2024
LIN Xiyu Janet,Female,China,Golf,Women's Individual Stroke Play,Bronze Medal,2024
Norway,,,Handball,Women,Gold Medal,2024
France,,,Handball,Women,Silver Medal,2024
Denmark,,,Handball,Women,Bronze Medal,2024
Ahmed ELGENDY,,,Modern Pentathlon,Men's Individual,Gold Medal,2024
SATO Taishu,Male,Japan,Modern Pentathlon,Men's Individual,Silver Medal,2024
Giorgio MALAN,,,Modern Pentathlon,Men's Individual,Bronze Medal,2024
Janja GARNBRET,,,Sport Climbing,Women's Boulder & Lead,Gold Medal,2024
Brooke RABOUTOU,,,Sport Climbing,Women's Boulder & Lead,Silver Medal,2024
Jessica PILZ,,,Sport Climbing,Women's Boulder & Lead,Bronze Medal,2024
China,,,Table Tennis,Women's Team,Gold Medal,2024
Japan,,,Table Tennis,Women's Team,Silver Medal,2024
Korea,,,Table Tennis,Women's Team,Bronze Medal,2024
Arian SALIMI,,,Taekwondo,Men +80kg,Gold Medal,2024
Caden CUNNINGHAM,,,Taekwondo,Men +80kg,Silver Medal,2024
Rafael ALBA,,,Taekwondo,Men +80kg,Bronze Medal,2024
Cheick Sallah CISSE,,,Taekwondo,Men +80kg,Bronze Medal,2024
Althea LAURIN,,,Taekwondo,Women +67kg,Gold Medal,2024
Svetlana OSIPOVA,,,Taekwondo,Women +67kg,Silver Medal,2024
LEE Dabin,Female,Korea,Taekwondo,Women +67kg,Bronze Medal,2024
Nafia KUS AYDIN,,,Taekwondo,Women +67kg,Bronze Medal,2024
France,,,Volleyball,Men,Gold Medal,2024
Poland,,,Volleyball,Men,Silver Medal,2024
Brazil,,,Volleyball,Women,Bronze Medal,2024
Spain,,,Water Polo,Women,Gold Medal,2024
Australia,,,Water Polo,Women,Silver Medal,2024
Netherlands,,,Water Polo,Women,Bronze Medal,2024
Lasha TALAKHADZE,,,Weightlifting,Men's +102kg,Gold Medal,2024
Varazdat LALAYAN,,,Weightlifting,Men's +102kg,Silver Medal,2024
Gor MINASYAN,,,Weightlifting,Men's +102kg,Bronze Medal,2024
LIU Huanhua,Male,China,Weightlifting,Men's 102kg,Gold Medal,2024
Akbar DJURAEV,,,Weightlifting,Men's 102kg,Silver Medal,2024
Yauheni TSIKHANTSOU,,,Weightlifting,Men's 102kg,Bronze Medal,2024
Solfrid Eila Amena KOANDA,,,Weightlifting,Women's 81kg,Gold Medal,2024
Sara AHMED,,,Weightlifting,Women's 81kg,Silver Medal,2024
Neisi Patricia DAJOMES BARRERA,,,Weightlifting,Women's 81kg,Bronze Medal,2024
Geno PETRIASHVILI,,,Wrestling,Men's Freestyle 125kg,Gold Medal,2024
Amir Hossein ZARE,,,Wrestling,Men's Freestyle 125kg,Silver Medal,2024
Taha AKGUL,,,Wrestling,Men's Freestyle 125kg,Bronze Medal,2024
Giorgi MESHVILDISHVILI,,,Wrestling,Men's Freestyle 125kg,Bronze Medal,2024
Razambek Salambekovitch JAMALOV,,,Wrestling,Men's Freestyle 74kg,Gold Medal,2024
TAKATANI Daichi,Male,Japan,Wrestling,Men's Freestyle 74kg,Silver Medal,2024
Kyle Douglas DAKE,,,Wrestling,Men's Freestyle 74kg,Bronze Medal,2024
Chermen VALIEV,,,Wrestling,Men's Freestyle 74kg,Bronze Medal,2024
MOTOKI Sakura,Female,Japan,Wrestling,Women's Freestyle 62kg,Gold Medal,2024
Iryna KOLIADENKO,,,Wrestling,Women's Freestyle 62kg,Silver Medal,2024
Aisuluu TYNYBEKOVA,,,Wrestling,Women's Freestyle 62kg,Bronze Medal,2024
Grace Jacob BULLEN,,,Wrestling,Women's Freestyle 62kg,Bronze Medal,2024
Sifan HASSAN,,,Athletics,Women's Marathon,Gold Medal,2024
Tigst ASSEFA,,,Athletics,Women's Marathon,Silver Medal,2024
Hellen OBIRI,,,Athletics,Women's Marathon,Bronze Medal,2024
United States,,,Basketball,Women,Gold Medal,2024
France,,,Basketball,Women,Silver Medal,2024
Australia,,,Basketball,Women,Bronze Medal,2024
Harrie LAVREYSEN,,,Cycling Track,Men's Keirin,Gold Medal,2024
Matthew RICHARDSON,,,Cycling Track,Men's Keirin,Silver Medal,2024
Matthew GLAETZER,,,Cycling Track,Men's Keirin,Bronze Medal,2024
Jennifer VALENTE,,,Cycling Track,Women's Omnium,Gold Medal,2024
Daria PIKULIK,,,Cycling Track,Women's Omnium,Silver Medal,2024
Ally WOLLASTON,,,Cycling Track,Women's Omnium,Bronze Medal,2024
Ellesse ANDREWS,,,Cycling Track,Women's Sprint,Gold Medal,2024
Lea FRIEDRICH,,,Cycling Track,Women's Sprint,Silver Medal,2024
Emma FINUCANE,,,Cycling Track,Women's Sprint,Bronze Medal,2024
Denmark,,,Handball,Men,Gold Medal,2024
Germany,,,Handball,Men,Silver Medal,2024
Spain,,,Handball,Men,Bronze Medal,2024
Michelle GULYAS,,,Modern Pentathlon,Women's Individual,Gold Medal,2024
Elodie CLOUVEL,,,Modern Pentathlon,Women's Individual,Silver Medal,2024
SEONG Seungmin,Female,Korea,Modern Pentathlon,Women's Individual,Bronze Medal,2024
Italy,,,Volleyball,Women,Gold Medal,2024
United States,,,Volleyball,Women,Silver Medal,2024
Serbia,,,Water Polo,Men,Gold Medal,2024
Croatia,,,Water Polo,Men,Silver Medal,2024
United States,,,Water Polo,Men,Bronze Medal,2024
LI Wenwen,Female,China,Weightlifting,Women's +81kg,Gold Medal,2024
PARK Hyejeong,Female,Korea,Weightlifting,Women's +81kg,Silver Medal,2024
Emily CAMPBELL,,,Weightlifting,Women's +81kg,Bronze Medal,2024
KIYOOKA Kotaro,Male,Japan,Wrestling,Men's Freestyle 65kg,Gold Medal,2024
Rahman AMOUZADKHALILI,,,Wrestling,Men's Freestyle 65kg,Silver Medal,2024
Sebastian C RIVERA,,,Wrestling,Men's Freestyle 65kg,Bronze Medal,2024
Islam DUDAEV,,,Wrestling,Men's Freestyle 65kg,Bronze Medal,2024
Akhmed TAZHUDINOV,,,Wrestling,Men's Freestyle 97kg,Gold Medal,2024
Givi MATCHARASHVILI,,,Wrestling,Men's Freestyle 97kg,Silver Medal,2024
Magomedkhan MAGOMEDOV,,,Wrestling,Men's Freestyle 97kg,Bronze Medal,2024
Amirali AZARPIRA,,,Wrestling,Men's Freestyle 97kg,Bronze Medal,2024
KAGAMI Yuka,Female,Japan,Wrestling,Women's Freestyle 76kg,Gold Medal,2024
Kennedy Alexis BLADES,,,Wrestling,Women's Freestyle 76kg,Silver Medal,2024
Milaimy de la Carid. MARIN POTRILLE,,,Wrestling,Women's Freestyle 76kg,Bronze Medal,2024
Tatiana RENTERIA RENTERIA,,,Wrestling,Women's Freestyle 76kg,Bronze Medal,2024
People's Republic of China,,,Rhythmic Gymnastics,Group All-Around,Gold Medal,2024
Israel,,,Rhythmic Gymnastics,Group All-Around,Silver Medal,2024
Italy,,,Rhythmic Gymnastics,Group All-Around,Bronze Medal,2024
VARFOLOMEEV Darja,Female,Germany,Rhythmic Gymnastics,Individual All-Around,Gold Medal,2024
KALEYN Boryana,Female,Bulgaria,Rhythmic Gymnastics,Individual All-Around,Silver Medal,2024
RAFFAELI Sofia,Female,Italy,Rhythmic Gymnastics,Individual All-Around,Bronze Medal,2024
THIAM Nafissatou,Female,Belgium,Athletics,Women's Heptathlon,Gold Medal,2024
JOHNSON-THOMPSON Katarina,Female,Great Britain,Athletics,Women's Heptathlon,Silver Medal,2024
VIDTS Noor,Female,Belgium,Athletics,Women's Heptathlon,Bronze Medal,2024
